{"cameraMode":{"drawMode":0,"name":"Shaded","section":"Shading Mode"},"sceneLighting":true,"audioPlay":false,"sceneViewState":{"m_AlwaysRefresh":false,"showFog":true,"showSkybox":true,"showFlares":true,"showImageEffects":true,"showParticleSystems":true,"showVisualEffectGraphs":true,"m_FxEnabled":true},"in2DMode":false,"pivot":{"x":132.47503662109376,"y":146.01144409179688,"z":-0.1448163092136383},"rotation":{"x":-0.00965878739953041,"y":0.6919984221458435,"z":0.009005308151245118,"w":0.7224107384681702},"size":0.6995577216148377,"orthographic":true}